"kode_titik","kode","kode_provinsi","kabupaten_kota","singkatan","created_at","updated_at"
"11.01","1101","11","KAB. ACEH SELATAN","","2024-03-02 20:05:02.087034+07","2024-03-02 20:05:02.087034+07"
"11.02","1102","11","KAB. ACEH TENGGARA","","2024-03-02 20:05:02.087034+07","2024-03-02 20:05:02.087034+07"
"11.03","1103","11","KAB. ACEH TIMUR","","2024-03-02 20:05:02.087034+07","2024-03-02 20:05:02.087034+07"
"11.04","1104","11","KAB. ACEH TENGAH","","2024-03-02 20:05:02.087034+07","2024-03-02 20:05:02.087034+07"
"11.05","1105","11","KAB. ACEH BARAT","","2024-03-02 20:05:02.087034+07","2024-03-02 20:05:02.087034+07"
"11.06","1106","11","KAB. ACEH BESAR","","2024-03-02 20:05:02.087034+07","2024-03-02 20:05:02.087034+07"
"11.07","1107","11","KAB. PIDIE","","2024-03-02 20:05:02.087034+07","2024-03-02 20:05:02.087034+07"
"11.08","1108","11","KAB. ACEH UTARA","","2024-03-02 20:05:02.087034+07","2024-03-02 20:05:02.087034+07"
"11.09","1109","11","KAB. SIMEULUE","","2024-03-02 20:05:02.087034+07","2024-03-02 20:05:02.087034+07"
"11.10","1110","11","KAB. ACEH SINGKIL","","2024-03-02 20:05:02.087034+07","2024-03-02 20:05:02.087034+07"
"11.11","1111","11","KAB. BIREUEN","","2024-03-02 20:05:02.087034+07","2024-03-02 20:05:02.087034+07"
"11.12","1112","11","KAB. ACEH BARAT DAYA","","2024-03-02 20:05:02.087034+07","2024-03-02 20:05:02.087034+07"
"11.13","1113","11","KAB. GAYO LUES","","2024-03-02 20:05:02.087034+07","2024-03-02 20:05:02.087034+07"
"11.14","1114","11","KAB. ACEH JAYA","","2024-03-02 20:05:02.087034+07","2024-03-02 20:05:02.087034+07"
"11.15","1115","11","KAB. NAGAN RAYA","","2024-03-02 20:05:02.087034+07","2024-03-02 20:05:02.087034+07"
"11.16","1116","11","KAB. ACEH TAMIANG","","2024-03-02 20:05:02.087034+07","2024-03-02 20:05:02.087034+07"
"11.17","1117","11","KAB. BENER MERIAH","","2024-03-02 20:05:02.087034+07","2024-03-02 20:05:02.087034+07"
"11.18","1118","11","KAB. PIDIE JAYA","","2024-03-02 20:05:02.087034+07","2024-03-02 20:05:02.087034+07"
"11.71","1171","11","KOTA BANDA ACEH","","2024-03-02 20:05:02.087034+07","2024-03-02 20:05:02.087034+07"
"11.72","1172","11","KOTA SABANG","","2024-03-02 20:05:02.087034+07","2024-03-02 20:05:02.087034+07"
"11.73","1173","11","KOTA LHOKSEUMAWE","","2024-03-02 20:05:02.087034+07","2024-03-02 20:05:02.087034+07"
"11.74","1174","11","KOTA LANGSA","","2024-03-02 20:05:02.087034+07","2024-03-02 20:05:02.087034+07"
"11.75","1175","11","KOTA SUBULUSSALAM","","2024-03-02 20:05:02.087034+07","2024-03-02 20:05:02.087034+07"
"12.01","1201","12","KAB. TAPANULI TENGAH","","2024-03-02 20:05:02.087034+07","2024-03-02 20:05:02.087034+07"
"12.02","1202","12","KAB. TAPANULI UTARA","","2024-03-02 20:05:02.087034+07","2024-03-02 20:05:02.087034+07"
"12.03","1203","12","KAB. TAPANULI SELATAN","","2024-03-02 20:05:02.087034+07","2024-03-02 20:05:02.087034+07"
"12.04","1204","12","KAB. NIAS","","2024-03-02 20:05:02.087034+07","2024-03-02 20:05:02.087034+07"
"12.05","1205","12","KAB. LANGKAT","","2024-03-02 20:05:02.087034+07","2024-03-02 20:05:02.087034+07"
"12.06","1206","12","KAB. KARO","","2024-03-02 20:05:02.087034+07","2024-03-02 20:05:02.087034+07"
"12.07","1207","12","KAB. DELI SERDANG","","2024-03-02 20:05:02.087034+07","2024-03-02 20:05:02.087034+07"
"12.08","1208","12","KAB. SIMALUNGUN","","2024-03-02 20:05:02.087034+07","2024-03-02 20:05:02.087034+07"
"12.09","1209","12","KAB. ASAHAN","","2024-03-02 20:05:02.087034+07","2024-03-02 20:05:02.087034+07"
"12.10","1210","12","KAB. LABUHANBATU","","2024-03-02 20:05:02.087034+07","2024-03-02 20:05:02.087034+07"
"12.11","1211","12","KAB. DAIRI","","2024-03-02 20:05:02.087034+07","2024-03-02 20:05:02.087034+07"
"12.12","1212","12","KAB. TOBA","","2024-03-02 20:05:02.087034+07","2024-03-02 20:05:02.087034+07"
"12.13","1213","12","KAB. MANDAILING NATAL","","2024-03-02 20:05:02.087034+07","2024-03-02 20:05:02.087034+07"
"12.14","1214","12","KAB. NIAS SELATAN","","2024-03-02 20:05:02.087034+07","2024-03-02 20:05:02.087034+07"
"12.15","1215","12","KAB. PAKPAK BHARAT","","2024-03-02 20:05:02.087034+07","2024-03-02 20:05:02.087034+07"
"12.16","1216","12","KAB. HUMBANG HASUNDUTAN","","2024-03-02 20:05:02.087034+07","2024-03-02 20:05:02.087034+07"
"12.17","1217","12","KAB. SAMOSIR","","2024-03-02 20:05:02.087034+07","2024-03-02 20:05:02.087034+07"
"12.18","1218","12","KAB. SERDANG BEDAGAI","","2024-03-02 20:05:02.087034+07","2024-03-02 20:05:02.087034+07"
"12.19","1219","12","KAB. BATU BARA","","2024-03-02 20:05:02.087034+07","2024-03-02 20:05:02.087034+07"
"12.20","1220","12","KAB. PADANG LAWAS UTARA","","2024-03-02 20:05:02.087034+07","2024-03-02 20:05:02.087034+07"
"12.21","1221","12","KAB. PADANG LAWAS","","2024-03-02 20:05:02.087034+07","2024-03-02 20:05:02.087034+07"
"12.22","1222","12","KAB. LABUHANBATU SELATAN","","2024-03-02 20:05:02.087034+07","2024-03-02 20:05:02.087034+07"
"12.23","1223","12","KAB. LABUHANBATU UTARA","","2024-03-02 20:05:02.087034+07","2024-03-02 20:05:02.087034+07"
"12.24","1224","12","KAB. NIAS UTARA","","2024-03-02 20:05:02.087034+07","2024-03-02 20:05:02.087034+07"
"12.25","1225","12","KAB. NIAS BARAT","","2024-03-02 20:05:02.087034+07","2024-03-02 20:05:02.087034+07"
"12.71","1271","12","KOTA MEDAN","","2024-03-02 20:05:02.087034+07","2024-03-02 20:05:02.087034+07"
"12.72","1272","12","KOTA PEMATANGSIANTAR","","2024-03-02 20:05:02.087034+07","2024-03-02 20:05:02.087034+07"
"12.73","1273","12","KOTA SIBOLGA","","2024-03-02 20:05:02.087034+07","2024-03-02 20:05:02.087034+07"
"12.74","1274","12","KOTA TANJUNG BALAI","","2024-03-02 20:05:02.087034+07","2024-03-02 20:05:02.087034+07"
"12.75","1275","12","KOTA BINJAI","","2024-03-02 20:05:02.087034+07","2024-03-02 20:05:02.087034+07"
"12.76","1276","12","KOTA TEBING TINGGI","","2024-03-02 20:05:02.087034+07","2024-03-02 20:05:02.087034+07"
"12.77","1277","12","KOTA PADANGSIDIMPUAN","","2024-03-02 20:05:02.087034+07","2024-03-02 20:05:02.087034+07"
"12.78","1278","12","KOTA GUNUNGSITOLI","","2024-03-02 20:05:02.087034+07","2024-03-02 20:05:02.087034+07"
"13.01","1301","13","KAB. PESISIR SELATAN","","2024-03-02 20:05:02.087034+07","2024-03-02 20:05:02.087034+07"
"13.02","1302","13","KAB. SOLOK","","2024-03-02 20:05:02.087034+07","2024-03-02 20:05:02.087034+07"
"13.03","1303","13","KAB. SIJUNJUNG","","2024-03-02 20:05:02.087034+07","2024-03-02 20:05:02.087034+07"
"13.04","1304","13","KAB. TANAH DATAR","","2024-03-02 20:05:02.087034+07","2024-03-02 20:05:02.087034+07"
"13.05","1305","13","KAB. PADANG PARIAMAN","","2024-03-02 20:05:02.087034+07","2024-03-02 20:05:02.087034+07"
"13.06","1306","13","KAB. AGAM","","2024-03-02 20:05:02.087034+07","2024-03-02 20:05:02.087034+07"
"13.07","1307","13","KAB. LIMA PULUH KOTA","","2024-03-02 20:05:02.087034+07","2024-03-02 20:05:02.087034+07"
"13.08","1308","13","KAB. PASAMAN","","2024-03-02 20:05:02.087034+07","2024-03-02 20:05:02.087034+07"
"13.09","1309","13","KAB. KEPULAUAN MENTAWAI","","2024-03-02 20:05:02.087034+07","2024-03-02 20:05:02.087034+07"
"13.10","1310","13","KAB. DHARMASRAYA","","2024-03-02 20:05:02.087034+07","2024-03-02 20:05:02.087034+07"
"13.11","1311","13","KAB. SOLOK SELATAN","","2024-03-02 20:05:02.087034+07","2024-03-02 20:05:02.087034+07"
"13.12","1312","13","KAB. PASAMAN BARAT","","2024-03-02 20:05:02.087034+07","2024-03-02 20:05:02.087034+07"
"13.71","1371","13","KOTA PADANG","","2024-03-02 20:05:02.087034+07","2024-03-02 20:05:02.087034+07"
"13.72","1372","13","KOTA SOLOK","","2024-03-02 20:05:02.087034+07","2024-03-02 20:05:02.087034+07"
"13.73","1373","13","KOTA SAWAHLUNTO","","2024-03-02 20:05:02.087034+07","2024-03-02 20:05:02.087034+07"
"13.74","1374","13","KOTA PADANG PANJANG","","2024-03-02 20:05:02.087034+07","2024-03-02 20:05:02.087034+07"
"13.75","1375","13","KOTA BUKITTINGGI","","2024-03-02 20:05:02.087034+07","2024-03-02 20:05:02.087034+07"
"13.76","1376","13","KOTA PAYAKUMBUH","","2024-03-02 20:05:02.087034+07","2024-03-02 20:05:02.087034+07"
"13.77","1377","13","KOTA PARIAMAN","","2024-03-02 20:05:02.087034+07","2024-03-02 20:05:02.087034+07"
"14.01","1401","14","KAB. KAMPAR","","2024-03-02 20:05:02.087034+07","2024-03-02 20:05:02.087034+07"
"14.02","1402","14","KAB. INDRAGIRI HULU","","2024-03-02 20:05:02.087034+07","2024-03-02 20:05:02.087034+07"
"14.03","1403","14","KAB. BENGKALIS","","2024-03-02 20:05:02.087034+07","2024-03-02 20:05:02.087034+07"
"14.04","1404","14","KAB. INDRAGIRI HILIR","","2024-03-02 20:05:02.087034+07","2024-03-02 20:05:02.087034+07"
"14.05","1405","14","KAB. PELALAWAN","","2024-03-02 20:05:02.087034+07","2024-03-02 20:05:02.087034+07"
"14.06","1406","14","KAB. ROKAN HULU","","2024-03-02 20:05:02.087034+07","2024-03-02 20:05:02.087034+07"
"14.07","1407","14","KAB. ROKAN HILIR","","2024-03-02 20:05:02.087034+07","2024-03-02 20:05:02.087034+07"
"14.08","1408","14","KAB. SIAK","","2024-03-02 20:05:02.087034+07","2024-03-02 20:05:02.087034+07"
"14.09","1409","14","KAB. KUANTAN SINGINGI","","2024-03-02 20:05:02.087034+07","2024-03-02 20:05:02.087034+07"
"14.10","1410","14","KAB. KEPULAUAN MERANTI","","2024-03-02 20:05:02.087034+07","2024-03-02 20:05:02.087034+07"
"14.71","1471","14","KOTA PEKANBARU","","2024-03-02 20:05:02.087034+07","2024-03-02 20:05:02.087034+07"
"14.72","1472","14","KOTA DUMAI","","2024-03-02 20:05:02.087034+07","2024-03-02 20:05:02.087034+07"
"15.01","1501","15","KAB. KERINCI","","2024-03-02 20:05:02.087034+07","2024-03-02 20:05:02.087034+07"
"15.02","1502","15","KAB. MERANGIN","","2024-03-02 20:05:02.087034+07","2024-03-02 20:05:02.087034+07"
"15.03","1503","15","KAB. SAROLANGUN","","2024-03-02 20:05:02.087034+07","2024-03-02 20:05:02.087034+07"
"15.04","1504","15","KAB. BATANGHARI","","2024-03-02 20:05:02.087034+07","2024-03-02 20:05:02.087034+07"
"15.05","1505","15","KAB. MUARO JAMBI","","2024-03-02 20:05:02.087034+07","2024-03-02 20:05:02.087034+07"
"15.06","1506","15","KAB. TANJUNG JABUNG BARAT","","2024-03-02 20:05:02.087034+07","2024-03-02 20:05:02.087034+07"
"15.07","1507","15","KAB. TANJUNG JABUNG TIMUR","","2024-03-02 20:05:02.087034+07","2024-03-02 20:05:02.087034+07"
"15.08","1508","15","KAB. BUNGO","","2024-03-02 20:05:02.087034+07","2024-03-02 20:05:02.087034+07"
"15.09","1509","15","KAB. TEBO","","2024-03-02 20:05:02.087034+07","2024-03-02 20:05:02.087034+07"
"15.71","1571","15","KOTA JAMBI","","2024-03-02 20:05:02.087034+07","2024-03-02 20:05:02.087034+07"
"15.72","1572","15","KOTA SUNGAI PENUH","","2024-03-02 20:05:02.087034+07","2024-03-02 20:05:02.087034+07"
"16.01","1601","16","KAB. OGAN KOMERING ULU","","2024-03-02 20:05:02.087034+07","2024-03-02 20:05:02.087034+07"
"16.02","1602","16","KAB. OGAN KOMERING ILIR","","2024-03-02 20:05:02.087034+07","2024-03-02 20:05:02.087034+07"
"16.03","1603","16","KAB. MUARA ENIM","","2024-03-02 20:05:02.087034+07","2024-03-02 20:05:02.087034+07"
"16.04","1604","16","KAB. LAHAT","","2024-03-02 20:05:02.087034+07","2024-03-02 20:05:02.087034+07"
"16.05","1605","16","KAB. MUSI RAWAS","","2024-03-02 20:05:02.087034+07","2024-03-02 20:05:02.087034+07"
"16.06","1606","16","KAB. MUSI BANYUASIN","","2024-03-02 20:05:02.087034+07","2024-03-02 20:05:02.087034+07"
"16.07","1607","16","KAB. BANYUASIN","","2024-03-02 20:05:02.087034+07","2024-03-02 20:05:02.087034+07"
"16.08","1608","16","KAB. OGAN KOMERING ULU TIMUR","","2024-03-02 20:05:02.087034+07","2024-03-02 20:05:02.087034+07"
"16.09","1609","16","KAB. OGAN KOMERING ULU SELATAN","","2024-03-02 20:05:02.087034+07","2024-03-02 20:05:02.087034+07"
"16.10","1610","16","KAB. OGAN ILIR","","2024-03-02 20:05:02.087034+07","2024-03-02 20:05:02.087034+07"
"16.11","1611","16","KAB. EMPAT LAWANG","","2024-03-02 20:05:02.087034+07","2024-03-02 20:05:02.087034+07"
"16.12","1612","16","KAB. PENUKAL ABAB LEMATANG ILIR","","2024-03-02 20:05:02.087034+07","2024-03-02 20:05:02.087034+07"
"16.13","1613","16","KAB. MUSI RAWAS UTARA","","2024-03-02 20:05:02.087034+07","2024-03-02 20:05:02.087034+07"
"16.71","1671","16","KOTA PALEMBANG","","2024-03-02 20:05:02.087034+07","2024-03-02 20:05:02.087034+07"
"16.72","1672","16","KOTA PAGAR ALAM","","2024-03-02 20:05:02.087034+07","2024-03-02 20:05:02.087034+07"
"16.73","1673","16","KOTA LUBUK LINGGAU","","2024-03-02 20:05:02.087034+07","2024-03-02 20:05:02.087034+07"
"16.74","1674","16","KOTA PRABUMULIH","","2024-03-02 20:05:02.087034+07","2024-03-02 20:05:02.087034+07"
"17.01","1701","17","KAB. BENGKULU SELATAN","","2024-03-02 20:05:02.087034+07","2024-03-02 20:05:02.087034+07"
"17.02","1702","17","KAB. REJANG LEBONG","","2024-03-02 20:05:02.087034+07","2024-03-02 20:05:02.087034+07"
"17.03","1703","17","KAB. BENGKULU UTARA","","2024-03-02 20:05:02.087034+07","2024-03-02 20:05:02.087034+07"
"17.04","1704","17","KAB. KAUR","","2024-03-02 20:05:02.087034+07","2024-03-02 20:05:02.087034+07"
"17.05","1705","17","KAB. SELUMA","","2024-03-02 20:05:02.087034+07","2024-03-02 20:05:02.087034+07"
"17.06","1706","17","KAB. MUKO MUKO","","2024-03-02 20:05:02.087034+07","2024-03-02 20:05:02.087034+07"
"17.07","1707","17","KAB. LEBONG","","2024-03-02 20:05:02.087034+07","2024-03-02 20:05:02.087034+07"
"17.08","1708","17","KAB. KEPAHIANG","","2024-03-02 20:05:02.087034+07","2024-03-02 20:05:02.087034+07"
"17.09","1709","17","KAB. BENGKULU TENGAH","","2024-03-02 20:05:02.087034+07","2024-03-02 20:05:02.087034+07"
"17.71","1771","17","KOTA BENGKULU","","2024-03-02 20:05:02.087034+07","2024-03-02 20:05:02.087034+07"
"18.01","1801","18","KAB. LAMPUNG SELATAN","","2024-03-02 20:05:02.087034+07","2024-03-02 20:05:02.087034+07"
"18.02","1802","18","KAB. LAMPUNG TENGAH","","2024-03-02 20:05:02.087034+07","2024-03-02 20:05:02.087034+07"
"18.03","1803","18","KAB. LAMPUNG UTARA","","2024-03-02 20:05:02.087034+07","2024-03-02 20:05:02.087034+07"
"18.04","1804","18","KAB. LAMPUNG BARAT","","2024-03-02 20:05:02.087034+07","2024-03-02 20:05:02.087034+07"
"18.05","1805","18","KAB. TULANG BAWANG","","2024-03-02 20:05:02.087034+07","2024-03-02 20:05:02.087034+07"
"18.06","1806","18","KAB. TANGGAMUS","","2024-03-02 20:05:02.087034+07","2024-03-02 20:05:02.087034+07"
"18.07","1807","18","KAB. LAMPUNG TIMUR","","2024-03-02 20:05:02.087034+07","2024-03-02 20:05:02.087034+07"
"18.08","1808","18","KAB. WAY KANAN","","2024-03-02 20:05:02.087034+07","2024-03-02 20:05:02.087034+07"
"18.09","1809","18","KAB. PESAWARAN","","2024-03-02 20:05:02.087034+07","2024-03-02 20:05:02.087034+07"
"18.10","1810","18","KAB. PRINGSEWU","","2024-03-02 20:05:02.087034+07","2024-03-02 20:05:02.087034+07"
"18.11","1811","18","KAB. MESUJI","","2024-03-02 20:05:02.087034+07","2024-03-02 20:05:02.087034+07"
"18.12","1812","18","KAB. TULANG BAWANG BARAT","","2024-03-02 20:05:02.087034+07","2024-03-02 20:05:02.087034+07"
"18.13","1813","18","KAB. PESISIR BARAT","","2024-03-02 20:05:02.087034+07","2024-03-02 20:05:02.087034+07"
"18.71","1871","18","KOTA BANDAR LAMPUNG","","2024-03-02 20:05:02.087034+07","2024-03-02 20:05:02.087034+07"
"18.72","1872","18","KOTA METRO","","2024-03-02 20:05:02.087034+07","2024-03-02 20:05:02.087034+07"
"19.01","1901","19","KAB. BANGKA","","2024-03-02 20:05:02.087034+07","2024-03-02 20:05:02.087034+07"
"19.02","1902","19","KAB. BELITUNG","","2024-03-02 20:05:02.087034+07","2024-03-02 20:05:02.087034+07"
"19.03","1903","19","KAB. BANGKA SELATAN","","2024-03-02 20:05:02.087034+07","2024-03-02 20:05:02.087034+07"
"19.04","1904","19","KAB. BANGKA TENGAH","","2024-03-02 20:05:02.087034+07","2024-03-02 20:05:02.087034+07"
"19.05","1905","19","KAB. BANGKA BARAT","","2024-03-02 20:05:02.087034+07","2024-03-02 20:05:02.087034+07"
"19.06","1906","19","KAB. BELITUNG TIMUR","","2024-03-02 20:05:02.087034+07","2024-03-02 20:05:02.087034+07"
"19.71","1971","19","KOTA PANGKAL PINANG","","2024-03-02 20:05:02.087034+07","2024-03-02 20:05:02.087034+07"
"21.01","2101","21","KAB. BINTAN","","2024-03-02 20:05:02.087034+07","2024-03-02 20:05:02.087034+07"
"21.02","2102","21","KAB. KARIMUN","","2024-03-02 20:05:02.087034+07","2024-03-02 20:05:02.087034+07"
"21.03","2103","21","KAB. NATUNA","","2024-03-02 20:05:02.087034+07","2024-03-02 20:05:02.087034+07"
"21.04","2104","21","KAB. LINGGA","","2024-03-02 20:05:02.087034+07","2024-03-02 20:05:02.087034+07"
"21.05","2105","21","KAB. KEPULAUAN ANAMBAS","","2024-03-02 20:05:02.087034+07","2024-03-02 20:05:02.087034+07"
"21.71","2171","21","KOTA BATAM","","2024-03-02 20:05:02.087034+07","2024-03-02 20:05:02.087034+07"
"21.72","2172","21","KOTA TANJUNG PINANG","","2024-03-02 20:05:02.087034+07","2024-03-02 20:05:02.087034+07"
"31.01","3101","31","KAB. ADM. KEP. SERIBU","","2024-03-02 20:05:02.087034+07","2024-03-02 20:05:02.087034+07"
"31.71","3171","31","KOTA ADM. JAKARTA PUSAT","","2024-03-02 20:05:02.087034+07","2024-03-02 20:05:02.087034+07"
"31.72","3172","31","KOTA ADM. JAKARTA UTARA","","2024-03-02 20:05:02.087034+07","2024-03-02 20:05:02.087034+07"
"31.73","3173","31","KOTA ADM. JAKARTA BARAT","","2024-03-02 20:05:02.087034+07","2024-03-02 20:05:02.087034+07"
"31.74","3174","31","KOTA ADM. JAKARTA SELATAN","","2024-03-02 20:05:02.087034+07","2024-03-02 20:05:02.087034+07"
"31.75","3175","31","KOTA ADM. JAKARTA TIMUR","","2024-03-02 20:05:02.087034+07","2024-03-02 20:05:02.087034+07"
"32.01","3201","32","KAB. BOGOR","","2024-03-02 20:05:02.087034+07","2024-03-02 20:05:02.087034+07"
"32.02","3202","32","KAB. SUKABUMI","","2024-03-02 20:05:02.087034+07","2024-03-02 20:05:02.087034+07"
"32.03","3203","32","KAB. CIANJUR","","2024-03-02 20:05:02.087034+07","2024-03-02 20:05:02.087034+07"
"32.04","3204","32","KAB. BANDUNG","","2024-03-02 20:05:02.087034+07","2024-03-02 20:05:02.087034+07"
"32.05","3205","32","KAB. GARUT","","2024-03-02 20:05:02.087034+07","2024-03-02 20:05:02.087034+07"
"32.06","3206","32","KAB. TASIKMALAYA","","2024-03-02 20:05:02.087034+07","2024-03-02 20:05:02.087034+07"
"32.07","3207","32","KAB. CIAMIS","","2024-03-02 20:05:02.087034+07","2024-03-02 20:05:02.087034+07"
"32.08","3208","32","KAB. KUNINGAN","","2024-03-02 20:05:02.087034+07","2024-03-02 20:05:02.087034+07"
"32.09","3209","32","KAB. CIREBON","","2024-03-02 20:05:02.087034+07","2024-03-02 20:05:02.087034+07"
"32.10","3210","32","KAB. MAJALENGKA","","2024-03-02 20:05:02.087034+07","2024-03-02 20:05:02.087034+07"
"32.11","3211","32","KAB. SUMEDANG","","2024-03-02 20:05:02.087034+07","2024-03-02 20:05:02.087034+07"
"32.12","3212","32","KAB. INDRAMAYU","","2024-03-02 20:05:02.087034+07","2024-03-02 20:05:02.087034+07"
"32.13","3213","32","KAB. SUBANG","","2024-03-02 20:05:02.087034+07","2024-03-02 20:05:02.087034+07"
"32.14","3214","32","KAB. PURWAKARTA","","2024-03-02 20:05:02.087034+07","2024-03-02 20:05:02.087034+07"
"32.15","3215","32","KAB. KARAWANG","","2024-03-02 20:05:02.087034+07","2024-03-02 20:05:02.087034+07"
"32.16","3216","32","KAB. BEKASI","","2024-03-02 20:05:02.087034+07","2024-03-02 20:05:02.087034+07"
"32.17","3217","32","KAB. BANDUNG BARAT","","2024-03-02 20:05:02.087034+07","2024-03-02 20:05:02.087034+07"
"32.18","3218","32","KAB. PANGANDARAN","","2024-03-02 20:05:02.087034+07","2024-03-02 20:05:02.087034+07"
"32.71","3271","32","KOTA BOGOR","","2024-03-02 20:05:02.087034+07","2024-03-02 20:05:02.087034+07"
"32.72","3272","32","KOTA SUKABUMI","","2024-03-02 20:05:02.087034+07","2024-03-02 20:05:02.087034+07"
"32.73","3273","32","KOTA BANDUNG","","2024-03-02 20:05:02.087034+07","2024-03-02 20:05:02.087034+07"
"32.74","3274","32","KOTA CIREBON","","2024-03-02 20:05:02.087034+07","2024-03-02 20:05:02.087034+07"
"32.75","3275","32","KOTA BEKASI","","2024-03-02 20:05:02.087034+07","2024-03-02 20:05:02.087034+07"
"32.76","3276","32","KOTA DEPOK","","2024-03-02 20:05:02.087034+07","2024-03-02 20:05:02.087034+07"
"32.77","3277","32","KOTA CIMAHI","","2024-03-02 20:05:02.087034+07","2024-03-02 20:05:02.087034+07"
"32.78","3278","32","KOTA TASIKMALAYA","","2024-03-02 20:05:02.087034+07","2024-03-02 20:05:02.087034+07"
"32.79","3279","32","KOTA BANJAR","","2024-03-02 20:05:02.087034+07","2024-03-02 20:05:02.087034+07"
"33.01","3301","33","KAB. CILACAP","","2024-03-02 20:05:02.087034+07","2024-03-02 20:05:02.087034+07"
"33.02","3302","33","KAB. BANYUMAS","","2024-03-02 20:05:02.087034+07","2024-03-02 20:05:02.087034+07"
"33.03","3303","33","KAB. PURBALINGGA","","2024-03-02 20:05:02.087034+07","2024-03-02 20:05:02.087034+07"
"33.04","3304","33","KAB. BANJARNEGARA","","2024-03-02 20:05:02.087034+07","2024-03-02 20:05:02.087034+07"
"33.05","3305","33","KAB. KEBUMEN","","2024-03-02 20:05:02.087034+07","2024-03-02 20:05:02.087034+07"
"33.06","3306","33","KAB. PURWOREJO","","2024-03-02 20:05:02.087034+07","2024-03-02 20:05:02.087034+07"
"33.07","3307","33","KAB. WONOSOBO","","2024-03-02 20:05:02.087034+07","2024-03-02 20:05:02.087034+07"
"33.08","3308","33","KAB. MAGELANG","","2024-03-02 20:05:02.087034+07","2024-03-02 20:05:02.087034+07"
"33.09","3309","33","KAB. BOYOLALI","","2024-03-02 20:05:02.087034+07","2024-03-02 20:05:02.087034+07"
"33.10","3310","33","KAB. KLATEN","","2024-03-02 20:05:02.087034+07","2024-03-02 20:05:02.087034+07"
"33.11","3311","33","KAB. SUKOHARJO","","2024-03-02 20:05:02.087034+07","2024-03-02 20:05:02.087034+07"
"33.12","3312","33","KAB. WONOGIRI","","2024-03-02 20:05:02.087034+07","2024-03-02 20:05:02.087034+07"
"33.13","3313","33","KAB. KARANGANYAR","","2024-03-02 20:05:02.087034+07","2024-03-02 20:05:02.087034+07"
"33.14","3314","33","KAB. SRAGEN","","2024-03-02 20:05:02.087034+07","2024-03-02 20:05:02.087034+07"
"33.15","3315","33","KAB. GROBOGAN","","2024-03-02 20:05:02.087034+07","2024-03-02 20:05:02.087034+07"
"33.16","3316","33","KAB. BLORA","","2024-03-02 20:05:02.087034+07","2024-03-02 20:05:02.087034+07"
"33.17","3317","33","KAB. REMBANG","","2024-03-02 20:05:02.087034+07","2024-03-02 20:05:02.087034+07"
"33.18","3318","33","KAB. PATI","","2024-03-02 20:05:02.087034+07","2024-03-02 20:05:02.087034+07"
"33.19","3319","33","KAB. KUDUS","","2024-03-02 20:05:02.087034+07","2024-03-02 20:05:02.087034+07"
"33.20","3320","33","KAB. JEPARA","","2024-03-02 20:05:02.087034+07","2024-03-02 20:05:02.087034+07"
"33.21","3321","33","KAB. DEMAK","","2024-03-02 20:05:02.087034+07","2024-03-02 20:05:02.087034+07"
"33.22","3322","33","KAB. SEMARANG","","2024-03-02 20:05:02.087034+07","2024-03-02 20:05:02.087034+07"
"33.23","3323","33","KAB. TEMANGGUNG","","2024-03-02 20:05:02.087034+07","2024-03-02 20:05:02.087034+07"
"33.24","3324","33","KAB. KENDAL","","2024-03-02 20:05:02.087034+07","2024-03-02 20:05:02.087034+07"
"33.25","3325","33","KAB. BATANG","","2024-03-02 20:05:02.087034+07","2024-03-02 20:05:02.087034+07"
"33.26","3326","33","KAB. PEKALONGAN","","2024-03-02 20:05:02.087034+07","2024-03-02 20:05:02.087034+07"
"33.27","3327","33","KAB. PEMALANG","","2024-03-02 20:05:02.087034+07","2024-03-02 20:05:02.087034+07"
"33.28","3328","33","KAB. TEGAL","","2024-03-02 20:05:02.087034+07","2024-03-02 20:05:02.087034+07"
"33.29","3329","33","KAB. BREBES","","2024-03-02 20:05:02.087034+07","2024-03-02 20:05:02.087034+07"
"33.71","3371","33","KOTA MAGELANG","","2024-03-02 20:05:02.087034+07","2024-03-02 20:05:02.087034+07"
"33.72","3372","33","KOTA SURAKARTA","","2024-03-02 20:05:02.087034+07","2024-03-02 20:05:02.087034+07"
"33.73","3373","33","KOTA SALATIGA","","2024-03-02 20:05:02.087034+07","2024-03-02 20:05:02.087034+07"
"33.74","3374","33","KOTA SEMARANG","","2024-03-02 20:05:02.087034+07","2024-03-02 20:05:02.087034+07"
"33.75","3375","33","KOTA PEKALONGAN","","2024-03-02 20:05:02.087034+07","2024-03-02 20:05:02.087034+07"
"33.76","3376","33","KOTA TEGAL","","2024-03-02 20:05:02.087034+07","2024-03-02 20:05:02.087034+07"
"34.01","3401","34","KAB. KULON PROGO","","2024-03-02 20:05:02.087034+07","2024-03-02 20:05:02.087034+07"
"34.02","3402","34","KAB. BANTUL","","2024-03-02 20:05:02.087034+07","2024-03-02 20:05:02.087034+07"
"34.03","3403","34","KAB. GUNUNGKIDUL","","2024-03-02 20:05:02.087034+07","2024-03-02 20:05:02.087034+07"
"34.04","3404","34","KAB. SLEMAN","","2024-03-02 20:05:02.087034+07","2024-03-02 20:05:02.087034+07"
"34.71","3471","34","KOTA YOGYAKARTA","","2024-03-02 20:05:02.087034+07","2024-03-02 20:05:02.087034+07"
"35.01","3501","35","KAB. PACITAN","","2024-03-02 20:05:02.087034+07","2024-03-02 20:05:02.087034+07"
"35.02","3502","35","KAB. PONOROGO","","2024-03-02 20:05:02.087034+07","2024-03-02 20:05:02.087034+07"
"35.03","3503","35","KAB. TRENGGALEK","","2024-03-02 20:05:02.087034+07","2024-03-02 20:05:02.087034+07"
"35.04","3504","35","KAB. TULUNGAGUNG","","2024-03-02 20:05:02.087034+07","2024-03-02 20:05:02.087034+07"
"35.05","3505","35","KAB. BLITAR","","2024-03-02 20:05:02.087034+07","2024-03-02 20:05:02.087034+07"
"35.06","3506","35","KAB. KEDIRI","","2024-03-02 20:05:02.087034+07","2024-03-02 20:05:02.087034+07"
"35.07","3507","35","KAB. MALANG","","2024-03-02 20:05:02.087034+07","2024-03-02 20:05:02.087034+07"
"35.08","3508","35","KAB. LUMAJANG","","2024-03-02 20:05:02.087034+07","2024-03-02 20:05:02.087034+07"
"35.09","3509","35","KAB. JEMBER","","2024-03-02 20:05:02.087034+07","2024-03-02 20:05:02.087034+07"
"35.10","3510","35","KAB. BANYUWANGI","","2024-03-02 20:05:02.087034+07","2024-03-02 20:05:02.087034+07"
"35.11","3511","35","KAB. BONDOWOSO","","2024-03-02 20:05:02.087034+07","2024-03-02 20:05:02.087034+07"
"35.12","3512","35","KAB. SITUBONDO","","2024-03-02 20:05:02.087034+07","2024-03-02 20:05:02.087034+07"
"35.13","3513","35","KAB. PROBOLINGGO","","2024-03-02 20:05:02.087034+07","2024-03-02 20:05:02.087034+07"
"35.14","3514","35","KAB. PASURUAN","","2024-03-02 20:05:02.087034+07","2024-03-02 20:05:02.087034+07"
"35.15","3515","35","KAB. SIDOARJO","","2024-03-02 20:05:02.087034+07","2024-03-02 20:05:02.087034+07"
"35.16","3516","35","KAB. MOJOKERTO","","2024-03-02 20:05:02.087034+07","2024-03-02 20:05:02.087034+07"
"35.17","3517","35","KAB. JOMBANG","","2024-03-02 20:05:02.087034+07","2024-03-02 20:05:02.087034+07"
"35.18","3518","35","KAB. NGANJUK","","2024-03-02 20:05:02.087034+07","2024-03-02 20:05:02.087034+07"
"35.19","3519","35","KAB. MADIUN","","2024-03-02 20:05:02.087034+07","2024-03-02 20:05:02.087034+07"
"35.20","3520","35","KAB. MAGETAN","","2024-03-02 20:05:02.087034+07","2024-03-02 20:05:02.087034+07"
"35.21","3521","35","KAB. NGAWI","","2024-03-02 20:05:02.087034+07","2024-03-02 20:05:02.087034+07"
"35.22","3522","35","KAB. BOJONEGORO","","2024-03-02 20:05:02.087034+07","2024-03-02 20:05:02.087034+07"
"35.23","3523","35","KAB. TUBAN","","2024-03-02 20:05:02.087034+07","2024-03-02 20:05:02.087034+07"
"35.24","3524","35","KAB. LAMONGAN","","2024-03-02 20:05:02.087034+07","2024-03-02 20:05:02.087034+07"
"35.25","3525","35","KAB. GRESIK","","2024-03-02 20:05:02.087034+07","2024-03-02 20:05:02.087034+07"
"35.26","3526","35","KAB. BANGKALAN","","2024-03-02 20:05:02.087034+07","2024-03-02 20:05:02.087034+07"
"35.27","3527","35","KAB. SAMPANG","","2024-03-02 20:05:02.087034+07","2024-03-02 20:05:02.087034+07"
"35.28","3528","35","KAB. PAMEKASAN","","2024-03-02 20:05:02.087034+07","2024-03-02 20:05:02.087034+07"
"35.29","3529","35","KAB. SUMENEP","","2024-03-02 20:05:02.087034+07","2024-03-02 20:05:02.087034+07"
"35.71","3571","35","KOTA KEDIRI","","2024-03-02 20:05:02.087034+07","2024-03-02 20:05:02.087034+07"
"35.72","3572","35","KOTA BLITAR","","2024-03-02 20:05:02.087034+07","2024-03-02 20:05:02.087034+07"
"35.73","3573","35","KOTA MALANG","","2024-03-02 20:05:02.087034+07","2024-03-02 20:05:02.087034+07"
"35.74","3574","35","KOTA PROBOLINGGO","","2024-03-02 20:05:02.087034+07","2024-03-02 20:05:02.087034+07"
"35.75","3575","35","KOTA PASURUAN","","2024-03-02 20:05:02.087034+07","2024-03-02 20:05:02.087034+07"
"35.76","3576","35","KOTA MOJOKERTO","","2024-03-02 20:05:02.087034+07","2024-03-02 20:05:02.087034+07"
"35.77","3577","35","KOTA MADIUN","","2024-03-02 20:05:02.087034+07","2024-03-02 20:05:02.087034+07"
"35.78","3578","35","KOTA SURABAYA","","2024-03-02 20:05:02.087034+07","2024-03-02 20:05:02.087034+07"
"35.79","3579","35","KOTA BATU","","2024-03-02 20:05:02.087034+07","2024-03-02 20:05:02.087034+07"
"36.01","3601","36","KAB. PANDEGLANG","","2024-03-02 20:05:02.087034+07","2024-03-02 20:05:02.087034+07"
"36.02","3602","36","KAB. LEBAK","","2024-03-02 20:05:02.087034+07","2024-03-02 20:05:02.087034+07"
"36.03","3603","36","KAB. TANGERANG","","2024-03-02 20:05:02.087034+07","2024-03-02 20:05:02.087034+07"
"36.04","3604","36","KAB. SERANG","","2024-03-02 20:05:02.087034+07","2024-03-02 20:05:02.087034+07"
"36.71","3671","36","KOTA TANGERANG","","2024-03-02 20:05:02.087034+07","2024-03-02 20:05:02.087034+07"
"36.72","3672","36","KOTA CILEGON","","2024-03-02 20:05:02.087034+07","2024-03-02 20:05:02.087034+07"
"36.73","3673","36","KOTA SERANG","","2024-03-02 20:05:02.087034+07","2024-03-02 20:05:02.087034+07"
"36.74","3674","36","KOTA TANGERANG SELATAN","","2024-03-02 20:05:02.087034+07","2024-03-02 20:05:02.087034+07"
"51.01","5101","51","KAB. JEMBRANA","","2024-03-02 20:05:02.087034+07","2024-03-02 20:05:02.087034+07"
"51.02","5102","51","KAB. TABANAN","","2024-03-02 20:05:02.087034+07","2024-03-02 20:05:02.087034+07"
"51.03","5103","51","KAB. BADUNG","","2024-03-02 20:05:02.087034+07","2024-03-02 20:05:02.087034+07"
"51.04","5104","51","KAB. GIANYAR","","2024-03-02 20:05:02.087034+07","2024-03-02 20:05:02.087034+07"
"51.05","5105","51","KAB. KLUNGKUNG","","2024-03-02 20:05:02.087034+07","2024-03-02 20:05:02.087034+07"
"51.06","5106","51","KAB. BANGLI","","2024-03-02 20:05:02.087034+07","2024-03-02 20:05:02.087034+07"
"51.07","5107","51","KAB. KARANGASEM","","2024-03-02 20:05:02.087034+07","2024-03-02 20:05:02.087034+07"
"51.08","5108","51","KAB. BULELENG","","2024-03-02 20:05:02.087034+07","2024-03-02 20:05:02.087034+07"
"51.71","5171","51","KOTA DENPASAR","","2024-03-02 20:05:02.087034+07","2024-03-02 20:05:02.087034+07"
"52.01","5201","52","KAB. LOMBOK BARAT","","2024-03-02 20:05:02.087034+07","2024-03-02 20:05:02.087034+07"
"52.02","5202","52","KAB. LOMBOK TENGAH","","2024-03-02 20:05:02.087034+07","2024-03-02 20:05:02.087034+07"
"52.03","5203","52","KAB. LOMBOK TIMUR","","2024-03-02 20:05:02.087034+07","2024-03-02 20:05:02.087034+07"
"52.04","5204","52","KAB. SUMBAWA","","2024-03-02 20:05:02.087034+07","2024-03-02 20:05:02.087034+07"
"52.05","5205","52","KAB. DOMPU","","2024-03-02 20:05:02.087034+07","2024-03-02 20:05:02.087034+07"
"52.06","5206","52","KAB. BIMA","","2024-03-02 20:05:02.087034+07","2024-03-02 20:05:02.087034+07"
"52.07","5207","52","KAB. SUMBAWA BARAT","","2024-03-02 20:05:02.087034+07","2024-03-02 20:05:02.087034+07"
"52.08","5208","52","KAB. LOMBOK UTARA","","2024-03-02 20:05:02.087034+07","2024-03-02 20:05:02.087034+07"
"52.71","5271","52","KOTA MATARAM","","2024-03-02 20:05:02.087034+07","2024-03-02 20:05:02.087034+07"
"52.72","5272","52","KOTA BIMA","","2024-03-02 20:05:02.087034+07","2024-03-02 20:05:02.087034+07"
"53.01","5301","53","KAB. KUPANG","","2024-03-02 20:05:02.087034+07","2024-03-02 20:05:02.087034+07"
"53.02","5302","53","KAB. TIMOR TENGAH SELATAN","","2024-03-02 20:05:02.087034+07","2024-03-02 20:05:02.087034+07"
"53.03","5303","53","KAB. TIMOR TENGAH UTARA","","2024-03-02 20:05:02.087034+07","2024-03-02 20:05:02.087034+07"
"53.04","5304","53","KAB. BELU","","2024-03-02 20:05:02.087034+07","2024-03-02 20:05:02.087034+07"
"53.05","5305","53","KAB. ALOR","","2024-03-02 20:05:02.087034+07","2024-03-02 20:05:02.087034+07"
"53.06","5306","53","KAB. FLORES TIMUR","","2024-03-02 20:05:02.087034+07","2024-03-02 20:05:02.087034+07"
"53.07","5307","53","KAB. SIKKA","","2024-03-02 20:05:02.087034+07","2024-03-02 20:05:02.087034+07"
"53.08","5308","53","KAB. ENDE","","2024-03-02 20:05:02.087034+07","2024-03-02 20:05:02.087034+07"
"53.09","5309","53","KAB. NGADA","","2024-03-02 20:05:02.087034+07","2024-03-02 20:05:02.087034+07"
"53.10","5310","53","KAB. MANGGARAI","","2024-03-02 20:05:02.087034+07","2024-03-02 20:05:02.087034+07"
"53.11","5311","53","KAB. SUMBA TIMUR","","2024-03-02 20:05:02.087034+07","2024-03-02 20:05:02.087034+07"
"53.12","5312","53","KAB. SUMBA BARAT","","2024-03-02 20:05:02.087034+07","2024-03-02 20:05:02.087034+07"
"53.13","5313","53","KAB. LEMBATA","","2024-03-02 20:05:02.087034+07","2024-03-02 20:05:02.087034+07"
"53.14","5314","53","KAB. ROTE NDAO","","2024-03-02 20:05:02.087034+07","2024-03-02 20:05:02.087034+07"
"53.15","5315","53","KAB. MANGGARAI BARAT","","2024-03-02 20:05:02.087034+07","2024-03-02 20:05:02.087034+07"
"53.16","5316","53","KAB. NAGEKEO","","2024-03-02 20:05:02.087034+07","2024-03-02 20:05:02.087034+07"
"53.17","5317","53","KAB. SUMBA TENGAH","","2024-03-02 20:05:02.087034+07","2024-03-02 20:05:02.087034+07"
"53.18","5318","53","KAB. SUMBA BARAT DAYA","","2024-03-02 20:05:02.087034+07","2024-03-02 20:05:02.087034+07"
"53.19","5319","53","KAB. MANGGARAI TIMUR","","2024-03-02 20:05:02.087034+07","2024-03-02 20:05:02.087034+07"
"53.20","5320","53","KAB. SABU RAIJUA","","2024-03-02 20:05:02.087034+07","2024-03-02 20:05:02.087034+07"
"53.21","5321","53","KAB. MALAKA","","2024-03-02 20:05:02.087034+07","2024-03-02 20:05:02.087034+07"
"53.71","5371","53","KOTA KUPANG","","2024-03-02 20:05:02.087034+07","2024-03-02 20:05:02.087034+07"
"61.01","6101","61","KAB. SAMBAS","","2024-03-02 20:05:02.087034+07","2024-03-02 20:05:02.087034+07"
"61.02","6102","61","KAB. MEMPAWAH","","2024-03-02 20:05:02.087034+07","2024-03-02 20:05:02.087034+07"
"61.03","6103","61","KAB. SANGGAU","","2024-03-02 20:05:02.087034+07","2024-03-02 20:05:02.087034+07"
"61.04","6104","61","KAB. KETAPANG","","2024-03-02 20:05:02.087034+07","2024-03-02 20:05:02.087034+07"
"61.05","6105","61","KAB. SINTANG","","2024-03-02 20:05:02.087034+07","2024-03-02 20:05:02.087034+07"
"61.06","6106","61","KAB. KAPUAS HULU","","2024-03-02 20:05:02.087034+07","2024-03-02 20:05:02.087034+07"
"61.07","6107","61","KAB. BENGKAYANG","","2024-03-02 20:05:02.087034+07","2024-03-02 20:05:02.087034+07"
"61.08","6108","61","KAB. LANDAK","","2024-03-02 20:05:02.087034+07","2024-03-02 20:05:02.087034+07"
"61.09","6109","61","KAB. SEKADAU","","2024-03-02 20:05:02.087034+07","2024-03-02 20:05:02.087034+07"
"61.10","6110","61","KAB. MELAWI","","2024-03-02 20:05:02.087034+07","2024-03-02 20:05:02.087034+07"
"61.11","6111","61","KAB. KAYONG UTARA","","2024-03-02 20:05:02.087034+07","2024-03-02 20:05:02.087034+07"
"61.12","6112","61","KAB. KUBU RAYA","","2024-03-02 20:05:02.087034+07","2024-03-02 20:05:02.087034+07"
"61.71","6171","61","KOTA PONTIANAK","","2024-03-02 20:05:02.087034+07","2024-03-02 20:05:02.087034+07"
"61.72","6172","61","KOTA SINGKAWANG","","2024-03-02 20:05:02.087034+07","2024-03-02 20:05:02.087034+07"
"62.01","6201","62","KAB. KOTAWARINGIN BARAT","","2024-03-02 20:05:02.087034+07","2024-03-02 20:05:02.087034+07"
"62.02","6202","62","KAB. KOTAWARINGIN TIMUR","","2024-03-02 20:05:02.087034+07","2024-03-02 20:05:02.087034+07"
"62.03","6203","62","KAB. KAPUAS","","2024-03-02 20:05:02.087034+07","2024-03-02 20:05:02.087034+07"
"62.04","6204","62","KAB. BARITO SELATAN","","2024-03-02 20:05:02.087034+07","2024-03-02 20:05:02.087034+07"
"62.05","6205","62","KAB. BARITO UTARA","","2024-03-02 20:05:02.087034+07","2024-03-02 20:05:02.087034+07"
"62.06","6206","62","KAB. KATINGAN","","2024-03-02 20:05:02.087034+07","2024-03-02 20:05:02.087034+07"
"62.07","6207","62","KAB. SERUYAN","","2024-03-02 20:05:02.087034+07","2024-03-02 20:05:02.087034+07"
"62.08","6208","62","KAB. SUKAMARA","","2024-03-02 20:05:02.087034+07","2024-03-02 20:05:02.087034+07"
"62.09","6209","62","KAB. LAMANDAU","","2024-03-02 20:05:02.087034+07","2024-03-02 20:05:02.087034+07"
"62.10","6210","62","KAB. GUNUNG MAS","","2024-03-02 20:05:02.087034+07","2024-03-02 20:05:02.087034+07"
"62.11","6211","62","KAB. PULANG PISAU","","2024-03-02 20:05:02.087034+07","2024-03-02 20:05:02.087034+07"
"62.12","6212","62","KAB. MURUNG RAYA","","2024-03-02 20:05:02.087034+07","2024-03-02 20:05:02.087034+07"
"62.13","6213","62","KAB. BARITO TIMUR","","2024-03-02 20:05:02.087034+07","2024-03-02 20:05:02.087034+07"
"62.71","6271","62","KOTA PALANGKARAYA","","2024-03-02 20:05:02.087034+07","2024-03-02 20:05:02.087034+07"
"63.01","6301","63","KAB. TANAH LAUT","","2024-03-02 20:05:02.087034+07","2024-03-02 20:05:02.087034+07"
"63.02","6302","63","KAB. KOTABARU","","2024-03-02 20:05:02.087034+07","2024-03-02 20:05:02.087034+07"
"63.03","6303","63","KAB. BANJAR","","2024-03-02 20:05:02.087034+07","2024-03-02 20:05:02.087034+07"
"63.04","6304","63","KAB. BARITO KUALA","","2024-03-02 20:05:02.087034+07","2024-03-02 20:05:02.087034+07"
"63.05","6305","63","KAB. TAPIN","","2024-03-02 20:05:02.087034+07","2024-03-02 20:05:02.087034+07"
"63.06","6306","63","KAB. HULU SUNGAI SELATAN","","2024-03-02 20:05:02.087034+07","2024-03-02 20:05:02.087034+07"
"63.07","6307","63","KAB. HULU SUNGAI TENGAH","","2024-03-02 20:05:02.087034+07","2024-03-02 20:05:02.087034+07"
"63.08","6308","63","KAB. HULU SUNGAI UTARA","","2024-03-02 20:05:02.087034+07","2024-03-02 20:05:02.087034+07"
"63.09","6309","63","KAB. TABALONG","","2024-03-02 20:05:02.087034+07","2024-03-02 20:05:02.087034+07"
"63.10","6310","63","KAB. TANAH BUMBU","","2024-03-02 20:05:02.087034+07","2024-03-02 20:05:02.087034+07"
"63.11","6311","63","KAB. BALANGAN","","2024-03-02 20:05:02.087034+07","2024-03-02 20:05:02.087034+07"
"63.71","6371","63","KOTA BANJARMASIN","","2024-03-02 20:05:02.087034+07","2024-03-02 20:05:02.087034+07"
"63.72","6372","63","KOTA BANJARBARU","","2024-03-02 20:05:02.087034+07","2024-03-02 20:05:02.087034+07"
"64.01","6401","64","KAB. PASER","","2024-03-02 20:05:02.087034+07","2024-03-02 20:05:02.087034+07"
"64.02","6402","64","KAB. KUTAI KARTANEGARA","","2024-03-02 20:05:02.087034+07","2024-03-02 20:05:02.087034+07"
"64.03","6403","64","KAB. BERAU","","2024-03-02 20:05:02.087034+07","2024-03-02 20:05:02.087034+07"
"64.07","6407","64","KAB. KUTAI BARAT","","2024-03-02 20:05:02.087034+07","2024-03-02 20:05:02.087034+07"
"64.08","6408","64","KAB. KUTAI TIMUR","","2024-03-02 20:05:02.087034+07","2024-03-02 20:05:02.087034+07"
"64.09","6409","64","KAB. PENAJAM PASER UTARA","","2024-03-02 20:05:02.087034+07","2024-03-02 20:05:02.087034+07"
"64.11","6411","64","KAB. MAHAKAM ULU","","2024-03-02 20:05:02.087034+07","2024-03-02 20:05:02.087034+07"
"64.71","6471","64","KOTA BALIKPAPAN","","2024-03-02 20:05:02.087034+07","2024-03-02 20:05:02.087034+07"
"64.72","6472","64","KOTA SAMARINDA","","2024-03-02 20:05:02.087034+07","2024-03-02 20:05:02.087034+07"
"64.74","6474","64","KOTA BONTANG","","2024-03-02 20:05:02.087034+07","2024-03-02 20:05:02.087034+07"
"65.01","6501","65","KAB. BULUNGAN","","2024-03-02 20:05:02.087034+07","2024-03-02 20:05:02.087034+07"
"65.02","6502","65","KAB. MALINAU","","2024-03-02 20:05:02.087034+07","2024-03-02 20:05:02.087034+07"
"65.03","6503","65","KAB. NUNUKAN","","2024-03-02 20:05:02.087034+07","2024-03-02 20:05:02.087034+07"
"65.04","6504","65","KAB. TANA TIDUNG","","2024-03-02 20:05:02.087034+07","2024-03-02 20:05:02.087034+07"
"65.71","6571","65","KOTA TARAKAN","","2024-03-02 20:05:02.087034+07","2024-03-02 20:05:02.087034+07"
"71.01","7101","71","KAB. BOLAANG MONGONDOW","","2024-03-02 20:05:02.087034+07","2024-03-02 20:05:02.087034+07"
"71.02","7102","71","KAB. MINAHASA","","2024-03-02 20:05:02.087034+07","2024-03-02 20:05:02.087034+07"
"71.03","7103","71","KAB. KEPULAUAN SANGIHE","","2024-03-02 20:05:02.087034+07","2024-03-02 20:05:02.087034+07"
"71.04","7104","71","KAB. KEPULAUAN TALAUD","","2024-03-02 20:05:02.087034+07","2024-03-02 20:05:02.087034+07"
"71.05","7105","71","KAB. MINAHASA SELATAN","","2024-03-02 20:05:02.087034+07","2024-03-02 20:05:02.087034+07"
"71.06","7106","71","KAB. MINAHASA UTARA","","2024-03-02 20:05:02.087034+07","2024-03-02 20:05:02.087034+07"
"71.07","7107","71","KAB. MINAHASA TENGGARA","","2024-03-02 20:05:02.087034+07","2024-03-02 20:05:02.087034+07"
"71.08","7108","71","KAB. BOLAANG MONGONDOW UTARA","","2024-03-02 20:05:02.087034+07","2024-03-02 20:05:02.087034+07"
"71.09","7109","71","KAB. KEP. SIAU TAGULANDANG BIARO","","2024-03-02 20:05:02.087034+07","2024-03-02 20:05:02.087034+07"
"71.10","7110","71","KAB. BOLAANG MONGONDOW TIMUR","","2024-03-02 20:05:02.087034+07","2024-03-02 20:05:02.087034+07"
"71.11","7111","71","KAB. BOLAANG MONGONDOW SELATAN","","2024-03-02 20:05:02.087034+07","2024-03-02 20:05:02.087034+07"
"71.71","7171","71","KOTA MANADO","","2024-03-02 20:05:02.087034+07","2024-03-02 20:05:02.087034+07"
"71.72","7172","71","KOTA BITUNG","","2024-03-02 20:05:02.087034+07","2024-03-02 20:05:02.087034+07"
"71.73","7173","71","KOTA TOMOHON","","2024-03-02 20:05:02.087034+07","2024-03-02 20:05:02.087034+07"
"71.74","7174","71","KOTA KOTAMOBAGU","","2024-03-02 20:05:02.087034+07","2024-03-02 20:05:02.087034+07"
"72.01","7201","72","KAB. BANGGAI","","2024-03-02 20:05:02.087034+07","2024-03-02 20:05:02.087034+07"
"72.02","7202","72","KAB. POSO","","2024-03-02 20:05:02.087034+07","2024-03-02 20:05:02.087034+07"
"72.03","7203","72","KAB. DONGGALA","","2024-03-02 20:05:02.087034+07","2024-03-02 20:05:02.087034+07"
"72.04","7204","72","KAB. TOLI TOLI","","2024-03-02 20:05:02.087034+07","2024-03-02 20:05:02.087034+07"
"72.05","7205","72","KAB. BUOL","","2024-03-02 20:05:02.087034+07","2024-03-02 20:05:02.087034+07"
"72.06","7206","72","KAB. MOROWALI","","2024-03-02 20:05:02.087034+07","2024-03-02 20:05:02.087034+07"
"72.07","7207","72","KAB. BANGGAI KEPULAUAN","","2024-03-02 20:05:02.087034+07","2024-03-02 20:05:02.087034+07"
"72.08","7208","72","KAB. PARIGI MOUTONG","","2024-03-02 20:05:02.087034+07","2024-03-02 20:05:02.087034+07"
"72.09","7209","72","KAB. TOJO UNA UNA","","2024-03-02 20:05:02.087034+07","2024-03-02 20:05:02.087034+07"
"72.10","7210","72","KAB. SIGI","","2024-03-02 20:05:02.087034+07","2024-03-02 20:05:02.087034+07"
"72.11","7211","72","KAB. BANGGAI LAUT","","2024-03-02 20:05:02.087034+07","2024-03-02 20:05:02.087034+07"
"72.12","7212","72","KAB. MOROWALI UTARA","","2024-03-02 20:05:02.087034+07","2024-03-02 20:05:02.087034+07"
"72.71","7271","72","KOTA PALU","","2024-03-02 20:05:02.087034+07","2024-03-02 20:05:02.087034+07"
"73.01","7301","73","KAB. KEPULAUAN SELAYAR","","2024-03-02 20:05:02.087034+07","2024-03-02 20:05:02.087034+07"
"73.02","7302","73","KAB. BULUKUMBA","","2024-03-02 20:05:02.087034+07","2024-03-02 20:05:02.087034+07"
"73.03","7303","73","KAB. BANTAENG","","2024-03-02 20:05:02.087034+07","2024-03-02 20:05:02.087034+07"
"73.04","7304","73","KAB. JENEPONTO","","2024-03-02 20:05:02.087034+07","2024-03-02 20:05:02.087034+07"
"73.05","7305","73","KAB. TAKALAR","","2024-03-02 20:05:02.087034+07","2024-03-02 20:05:02.087034+07"
"73.06","7306","73","KAB. GOWA","","2024-03-02 20:05:02.087034+07","2024-03-02 20:05:02.087034+07"
"73.07","7307","73","KAB. SINJAI","","2024-03-02 20:05:02.087034+07","2024-03-02 20:05:02.087034+07"
"73.08","7308","73","KAB. BONE","","2024-03-02 20:05:02.087034+07","2024-03-02 20:05:02.087034+07"
"73.09","7309","73","KAB. MAROS","","2024-03-02 20:05:02.087034+07","2024-03-02 20:05:02.087034+07"
"73.10","7310","73","KAB. PANGKAJENE KEPULAUAN","","2024-03-02 20:05:02.087034+07","2024-03-02 20:05:02.087034+07"
"73.11","7311","73","KAB. BARRU","","2024-03-02 20:05:02.087034+07","2024-03-02 20:05:02.087034+07"
"73.12","7312","73","KAB. SOPPENG","","2024-03-02 20:05:02.087034+07","2024-03-02 20:05:02.087034+07"
"73.13","7313","73","KAB. WAJO","","2024-03-02 20:05:02.087034+07","2024-03-02 20:05:02.087034+07"
"73.14","7314","73","KAB. SIDENRENG RAPPANG","","2024-03-02 20:05:02.087034+07","2024-03-02 20:05:02.087034+07"
"73.15","7315","73","KAB. PINRANG","","2024-03-02 20:05:02.087034+07","2024-03-02 20:05:02.087034+07"
"73.16","7316","73","KAB. ENREKANG","","2024-03-02 20:05:02.087034+07","2024-03-02 20:05:02.087034+07"
"73.17","7317","73","KAB. LUWU","","2024-03-02 20:05:02.087034+07","2024-03-02 20:05:02.087034+07"
"73.18","7318","73","KAB. TANA TORAJA","","2024-03-02 20:05:02.087034+07","2024-03-02 20:05:02.087034+07"
"73.22","7322","73","KAB. LUWU UTARA","","2024-03-02 20:05:02.087034+07","2024-03-02 20:05:02.087034+07"
"73.24","7324","73","KAB. LUWU TIMUR","","2024-03-02 20:05:02.087034+07","2024-03-02 20:05:02.087034+07"
"73.26","7326","73","KAB. TORAJA UTARA","","2024-03-02 20:05:02.087034+07","2024-03-02 20:05:02.087034+07"
"73.71","7371","73","KOTA MAKASSAR","","2024-03-02 20:05:02.087034+07","2024-03-02 20:05:02.087034+07"
"73.72","7372","73","KOTA PARE PARE","","2024-03-02 20:05:02.087034+07","2024-03-02 20:05:02.087034+07"
"73.73","7373","73","KOTA PALOPO","","2024-03-02 20:05:02.087034+07","2024-03-02 20:05:02.087034+07"
"74.01","7401","74","KAB. KOLAKA","","2024-03-02 20:05:02.087034+07","2024-03-02 20:05:02.087034+07"
"74.02","7402","74","KAB. KONAWE","","2024-03-02 20:05:02.087034+07","2024-03-02 20:05:02.087034+07"
"74.03","7403","74","KAB. MUNA","","2024-03-02 20:05:02.087034+07","2024-03-02 20:05:02.087034+07"
"74.04","7404","74","KAB. BUTON","","2024-03-02 20:05:02.087034+07","2024-03-02 20:05:02.087034+07"
"74.05","7405","74","KAB. KONAWE SELATAN","","2024-03-02 20:05:02.087034+07","2024-03-02 20:05:02.087034+07"
"74.06","7406","74","KAB. BOMBANA","","2024-03-02 20:05:02.087034+07","2024-03-02 20:05:02.087034+07"
"74.07","7407","74","KAB. WAKATOBI","","2024-03-02 20:05:02.087034+07","2024-03-02 20:05:02.087034+07"
"74.08","7408","74","KAB. KOLAKA UTARA","","2024-03-02 20:05:02.087034+07","2024-03-02 20:05:02.087034+07"
"74.09","7409","74","KAB. KONAWE UTARA","","2024-03-02 20:05:02.087034+07","2024-03-02 20:05:02.087034+07"
"74.10","7410","74","KAB. BUTON UTARA","","2024-03-02 20:05:02.087034+07","2024-03-02 20:05:02.087034+07"
"74.11","7411","74","KAB. KOLAKA TIMUR","","2024-03-02 20:05:02.087034+07","2024-03-02 20:05:02.087034+07"
"74.12","7412","74","KAB. KONAWE KEPULAUAN","","2024-03-02 20:05:02.087034+07","2024-03-02 20:05:02.087034+07"
"74.13","7413","74","KAB. MUNA BARAT","","2024-03-02 20:05:02.087034+07","2024-03-02 20:05:02.087034+07"
"74.14","7414","74","KAB. BUTON TENGAH","","2024-03-02 20:05:02.087034+07","2024-03-02 20:05:02.087034+07"
"74.15","7415","74","KAB. BUTON SELATAN","","2024-03-02 20:05:02.087034+07","2024-03-02 20:05:02.087034+07"
"74.71","7471","74","KOTA KENDARI","","2024-03-02 20:05:02.087034+07","2024-03-02 20:05:02.087034+07"
"74.72","7472","74","KOTA BAU BAU","","2024-03-02 20:05:02.087034+07","2024-03-02 20:05:02.087034+07"
"75.01","7501","75","KAB. GORONTALO","","2024-03-02 20:05:02.087034+07","2024-03-02 20:05:02.087034+07"
"75.02","7502","75","KAB. BOALEMO","","2024-03-02 20:05:02.087034+07","2024-03-02 20:05:02.087034+07"
"75.03","7503","75","KAB. BONE BOLANGO","","2024-03-02 20:05:02.087034+07","2024-03-02 20:05:02.087034+07"
"75.04","7504","75","KAB. PAHUWATO","","2024-03-02 20:05:02.087034+07","2024-03-02 20:05:02.087034+07"
"75.05","7505","75","KAB. GORONTALO UTARA","","2024-03-02 20:05:02.087034+07","2024-03-02 20:05:02.087034+07"
"75.71","7571","75","KOTA GORONTALO","","2024-03-02 20:05:02.087034+07","2024-03-02 20:05:02.087034+07"
"76.01","7601","76","KAB. PASANGKAYU","","2024-03-02 20:05:02.087034+07","2024-03-02 20:05:02.087034+07"
"76.02","7602","76","KAB. MAMUJU","","2024-03-02 20:05:02.087034+07","2024-03-02 20:05:02.087034+07"
"76.03","7603","76","KAB. MAMASA","","2024-03-02 20:05:02.087034+07","2024-03-02 20:05:02.087034+07"
"76.04","7604","76","KAB. POLEWALI MANDAR","","2024-03-02 20:05:02.087034+07","2024-03-02 20:05:02.087034+07"
"76.05","7605","76","KAB. MAJENE","","2024-03-02 20:05:02.087034+07","2024-03-02 20:05:02.087034+07"
"76.06","7606","76","KAB. MAMUJU TENGAH","","2024-03-02 20:05:02.087034+07","2024-03-02 20:05:02.087034+07"
"81.01","8101","81","KAB. MALUKU TENGAH","","2024-03-02 20:05:02.087034+07","2024-03-02 20:05:02.087034+07"
"81.02","8102","81","KAB. MALUKU TENGGARA","","2024-03-02 20:05:02.087034+07","2024-03-02 20:05:02.087034+07"
"81.03","8103","81","KAB. KEPULAUAN TANIMBAR","","2024-03-02 20:05:02.087034+07","2024-03-02 20:05:02.087034+07"
"81.04","8104","81","KAB. BURU","","2024-03-02 20:05:02.087034+07","2024-03-02 20:05:02.087034+07"
"81.05","8105","81","KAB. SERAM BAGIAN TIMUR","","2024-03-02 20:05:02.087034+07","2024-03-02 20:05:02.087034+07"
"81.06","8106","81","KAB. SERAM BAGIAN BARAT","","2024-03-02 20:05:02.087034+07","2024-03-02 20:05:02.087034+07"
"81.07","8107","81","KAB. KEPULAUAN ARU","","2024-03-02 20:05:02.087034+07","2024-03-02 20:05:02.087034+07"
"81.08","8108","81","KAB. MALUKU BARAT DAYA","","2024-03-02 20:05:02.087034+07","2024-03-02 20:05:02.087034+07"
"81.09","8109","81","KAB. BURU SELATAN","","2024-03-02 20:05:02.087034+07","2024-03-02 20:05:02.087034+07"
"81.71","8171","81","KOTA AMBON","","2024-03-02 20:05:02.087034+07","2024-03-02 20:05:02.087034+07"
"81.72","8172","81","KOTA TUAL","","2024-03-02 20:05:02.087034+07","2024-03-02 20:05:02.087034+07"
"82.01","8201","82","KAB. HALMAHERA BARAT","","2024-03-02 20:05:02.087034+07","2024-03-02 20:05:02.087034+07"
"82.02","8202","82","KAB. HALMAHERA TENGAH","","2024-03-02 20:05:02.087034+07","2024-03-02 20:05:02.087034+07"
"82.03","8203","82","KAB. HALMAHERA UTARA","","2024-03-02 20:05:02.087034+07","2024-03-02 20:05:02.087034+07"
"82.04","8204","82","KAB. HALMAHERA SELATAN","","2024-03-02 20:05:02.087034+07","2024-03-02 20:05:02.087034+07"
"82.05","8205","82","KAB. KEPULAUAN SULA","","2024-03-02 20:05:02.087034+07","2024-03-02 20:05:02.087034+07"
"82.06","8206","82","KAB. HALMAHERA TIMUR","","2024-03-02 20:05:02.087034+07","2024-03-02 20:05:02.087034+07"
"82.07","8207","82","KAB. PULAU MOROTAI","","2024-03-02 20:05:02.087034+07","2024-03-02 20:05:02.087034+07"
"82.08","8208","82","KAB. PULAU TALIABU","","2024-03-02 20:05:02.087034+07","2024-03-02 20:05:02.087034+07"
"82.71","8271","82","KOTA TERNATE","","2024-03-02 20:05:02.087034+07","2024-03-02 20:05:02.087034+07"
"82.72","8272","82","KOTA TIDORE KEPULAUAN","","2024-03-02 20:05:02.087034+07","2024-03-02 20:05:02.087034+07"
"91.03","9103","91","KAB. JAYAPURA","","2024-03-02 20:05:02.087034+07","2024-03-02 20:05:02.087034+07"
"91.05","9105","91","KAB. KEPULAUAN YAPEN","","2024-03-02 20:05:02.087034+07","2024-03-02 20:05:02.087034+07"
"91.06","9106","91","KAB. BIAK NUMFOR","","2024-03-02 20:05:02.087034+07","2024-03-02 20:05:02.087034+07"
"91.10","9110","91","KAB. SARMI","","2024-03-02 20:05:02.087034+07","2024-03-02 20:05:02.087034+07"
"91.11","9111","91","KAB. KEEROM","","2024-03-02 20:05:02.087034+07","2024-03-02 20:05:02.087034+07"
"91.15","9115","91","KAB. WAROPEN","","2024-03-02 20:05:02.087034+07","2024-03-02 20:05:02.087034+07"
"91.19","9119","91","KAB. SUPIORI","","2024-03-02 20:05:02.087034+07","2024-03-02 20:05:02.087034+07"
"91.20","9120","91","KAB. MAMBERAMO RAYA","","2024-03-02 20:05:02.087034+07","2024-03-02 20:05:02.087034+07"
"91.71","9171","91","KOTA JAYAPURA","","2024-03-02 20:05:02.087034+07","2024-03-02 20:05:02.087034+07"
"92.01","9201","92","KAB. SORONG","","2024-03-02 20:05:02.087034+07","2024-03-02 20:05:02.087034+07"
"92.02","9202","92","KAB. MANOKWARI","","2024-03-02 20:05:02.087034+07","2024-03-02 20:05:02.087034+07"
"92.03","9203","92","KAB. FAK FAK","","2024-03-02 20:05:02.087034+07","2024-03-02 20:05:02.087034+07"
"92.04","9204","92","KAB. SORONG SELATAN","","2024-03-02 20:05:02.087034+07","2024-03-02 20:05:02.087034+07"
"92.05","9205","92","KAB. RAJA AMPAT","","2024-03-02 20:05:02.087034+07","2024-03-02 20:05:02.087034+07"
"92.06","9206","92","KAB. TELUK BINTUNI","","2024-03-02 20:05:02.087034+07","2024-03-02 20:05:02.087034+07"
"92.07","9207","92","KAB. TELUK WONDAMA","","2024-03-02 20:05:02.087034+07","2024-03-02 20:05:02.087034+07"
"92.08","9208","92","KAB. KAIMANA","","2024-03-02 20:05:02.087034+07","2024-03-02 20:05:02.087034+07"
"92.09","9209","92","KAB. TAMBRAUW","","2024-03-02 20:05:02.087034+07","2024-03-02 20:05:02.087034+07"
"92.10","9210","92","KAB. MAYBRAT","","2024-03-02 20:05:02.087034+07","2024-03-02 20:05:02.087034+07"
"92.11","9211","92","KAB. MANOKWARI SELATAN","","2024-03-02 20:05:02.087034+07","2024-03-02 20:05:02.087034+07"
"92.12","9212","92","KAB. PEGUNUNGAN ARFAK","","2024-03-02 20:05:02.087034+07","2024-03-02 20:05:02.087034+07"
"92.71","9271","92","KOTA SORONG","","2024-03-02 20:05:02.087034+07","2024-03-02 20:05:02.087034+07"
"93.01","9301","93","KAB. MERAUKE","","2024-03-02 20:05:02.087034+07","2024-03-02 20:05:02.087034+07"
"93.02","9302","93","KAB. BOVEN DIGOEL","","2024-03-02 20:05:02.087034+07","2024-03-02 20:05:02.087034+07"
"93.03","9303","93","KAB. MAPPI","","2024-03-02 20:05:02.087034+07","2024-03-02 20:05:02.087034+07"
"93.04","9304","93","KAB. ASMAT","","2024-03-02 20:05:02.087034+07","2024-03-02 20:05:02.087034+07"
"94.01","9401","94","KAB. NABIRE","","2024-03-02 20:05:02.087034+07","2024-03-02 20:05:02.087034+07"
"94.02","9402","94","KAB. PUNCAK JAYA","","2024-03-02 20:05:02.087034+07","2024-03-02 20:05:02.087034+07"
"94.03","9403","94","KAB. PANIAI","","2024-03-02 20:05:02.087034+07","2024-03-02 20:05:02.087034+07"
"94.04","9404","94","KAB. MIMIKA","","2024-03-02 20:05:02.087034+07","2024-03-02 20:05:02.087034+07"
"94.05","9405","94","KAB. PUNCAK","","2024-03-02 20:05:02.087034+07","2024-03-02 20:05:02.087034+07"
"94.06","9406","94","KAB. DOGIYAI","","2024-03-02 20:05:02.087034+07","2024-03-02 20:05:02.087034+07"
"94.07","9407","94","KAB. INTAN JAYA","","2024-03-02 20:05:02.087034+07","2024-03-02 20:05:02.087034+07"
"94.08","9408","94","KAB. DEIYAI","","2024-03-02 20:05:02.087034+07","2024-03-02 20:05:02.087034+07"
"95.01","9501","95","KAB. JAYAWIJAYA","","2024-03-02 20:05:02.087034+07","2024-03-02 20:05:02.087034+07"
"95.02","9502","95","KAB. PEGUNUNGAN BINTANG","","2024-03-02 20:05:02.087034+07","2024-03-02 20:05:02.087034+07"
"95.03","9503","95","KAB. YAHUKIMO","","2024-03-02 20:05:02.087034+07","2024-03-02 20:05:02.087034+07"
"95.04","9504","95","KAB. TOLIKARA","","2024-03-02 20:05:02.087034+07","2024-03-02 20:05:02.087034+07"
"95.05","9505","95","KAB. MAMBERAMO TENGAH","","2024-03-02 20:05:02.087034+07","2024-03-02 20:05:02.087034+07"
"95.06","9506","95","KAB. YALIMO","","2024-03-02 20:05:02.087034+07","2024-03-02 20:05:02.087034+07"
"95.07","9507","95","KAB. LANNY JAYA","","2024-03-02 20:05:02.087034+07","2024-03-02 20:05:02.087034+07"
"95.08","9508","95","KAB. NDUGA","","2024-03-02 20:05:02.087034+07","2024-03-02 20:05:02.087034+07"
